title,price,rating,reviews,availability
"uppercase Matrix Professional Anti-theft Laptop Backpack (15.6 Inch) 3x more water resistant sustainable bags with rain proof zippers for Men, Women, Boys and Girls, 750 Days warranty",,4.0 out of 5 stars,13 ratings,In stock
"uppercase SealPro Professional Laptop Backpack (15.6 Inch) 3x more water resistant sustainable bags with rain proof zippers & Anti-theft for Men, Women, Boys and Girls, 750 Days warranty",,4.9 out of 5 stars,23 ratings,In stock
American Tourister 32 Ltrs Black Casual Backpack (AMT FIZZ SCH BAG 02 - BLACK),,4.0 out of 5 stars,"52,349 ratings",In stock
Skybags Brat Black 46 Cms Casual Backpack,,4.1 out of 5 stars,"3,791 ratings",In stock
Wesley Milestone 2.0 Casual Waterproof Laptop Backpack/Office Bag/School Bag/College Bag/Business Bag/Travel Backpack (Dimensions:13x18 inches) (Compatible with 39.62cm(15.6inch laptop) 30 L (Blue & black),,4.3 out of 5 stars,"9,840 ratings",In stock
Kuber Industries Women's Handkerchief Set (Cream),,3.8 out of 5 stars,482 ratings,In stock
Fiesto Fashion PU Leather Handbags With Sling Bag For Women Large Shoulder Tote Purse Top Handle Satchel (Combo Of 3),,3.9 out of 5 stars,"4,105 ratings",In stock
ADISA women girls embroided sling bag,,4.2 out of 5 stars,"1,428 ratings",In stock
Lapis O Lupo Women Vegan Leather Handbags Flower Embroidered Bags Fashion Satchel Bags Top Handle,,4.2 out of 5 stars,"3,630 ratings",In stock
ADISA 15.6 inch Laptop Backpack Office Bag College Travel Back Pack 32 Ltrs (z-Navy Blue),,3.9 out of 5 stars,573 ratings,In stock
Lavie Sport Lino Large Size 63 cms Wheel Duffle Bag for Travel | Travel Bag with Trolley,,3.9 out of 5 stars,"6,332 ratings",In stock
Gear CarryOn 16L Foldable Water Resistant School Bag//Backpack/College Bag for Men/Women - Blue Black,,3.7 out of 5 stars,"6,062 ratings",In stock
"Wesley Milestone 2.0 Casual Waterproof Laptop Backpack/Office Bag/School Bag/College Bag/Business Bag/Travel Backpack (Dimensions:13x18 inches) (Compatible with 39.62cm(15.6inch laptop) 30 L, Charcoal black",,4.3 out of 5 stars,"9,840 ratings",In stock
SAFARI 15 Ltrs Sea Blue Casual/School/College Backpack (DAYPACKNEO15CBSEB),,4.0 out of 5 stars,"18,034 ratings",In stock
Half Moon Large 37L Laptop Bag Backpack for menं Women Boys and Girls Luggage Travel Bags with 17.3 inches Laptop Compartment & Rain Cover,,3.9 out of 5 stars,"2,349 ratings",In stock
"Half Moon 35L Water Resistant 15.6 inch Laptop Bag for Men/Backpack for Men, Navy Blue | Office Bag for Men/Office Bag for Women with Padded Laptop Compartment | Rain Cover & Reflective Strips",,3.9 out of 5 stars,"15,272 ratings",In stock
Blue Tree 10 Ltrs ( Cms)Backpack(Bluetree_Backpacks_034_Multi Colour),,4.0 out of 5 stars,"1,059 ratings",In stock
"MosQuick® Clear large Drawstring Bags Clear Plastic Travel Bags, Travel Garments Organizing Storage Plastic Bags ,Shoe bags , Stationery Bag,multipurpose bag - Translucent",,4.2 out of 5 stars,50 ratings,In stock
Blue Tree Kids School Bag Soft Plush Backpack Combo Cartoon Bags Mini Travel Bag for for Girls Boys Toddler Baby (Pack of 2),,4.0 out of 5 stars,4 ratings,In stock
blue tree 10 ltrs (5 Cms)Backpack(Rider01_Yellow),,4.0 out of 5 stars,69 ratings,In stock
Blue Tree Kids School Bag Soft Plush Backpack Combo Cartoon Bags Mini Travel Bag for for Girls Boys Toddler Baby (Pack of 2),,5.0 out of 5 stars,1 rating,In stock
Blue Tree Kids School Bag Soft Plush Backpack Cartoon Bags Mini Travel Bag for for Girls Boys Toddler Baby Cute Dog & Shark,,4.6 out of 5 stars,12 ratings,In stock
Blue Tree Velvet Kids School/Nursery/Picnic/Carry/Travelling Bag - 2 to 5 Age (Yellow_Blue School Bag),,4.0 out of 5 stars,"1,481 ratings",In stock
Amazon Brand - Solimo Polyester Duffel Gym Bag with Shoe Compartment,,4.2 out of 5 stars,101 ratings,In stock
Wesley Milestone 15.6 inch 25 L Casual Waterproof Laptop Backpack/Office Bag/School Bag/College Bag/Business Bag/Unisex Travel Backpack,,4.3 out of 5 stars,"12,356 ratings",In stock
"Mi Step Out 12 L Mini Backpack (Small Size, Black, Water Repellant)",,4.1 out of 5 stars,"8,199 ratings",In stock
HEROZ Hammer Unisex Nylon 45 L Travel Laptop Backpack Water Resistant Slim Durable Fits Up to 17.3 Inch Laptop Notebook (All) (Grey & A. Blue 212),,4.3 out of 5 stars,"7,738 ratings",In stock
"uppercase Apex Professional Laptop Backpack (15.6 Inch) 3x more water resistant sustainable bags with rain proof zippers for Men, Women, Boys and Girls, 750 Days warranty",,4.9 out of 5 stars,18 ratings,In stock
"Safari Quill Laptop Backpack 26 Ltrs Water Resistant Fabric - Black, L (QUILL19CBBLK)",,3.9 out of 5 stars,722 ratings,In stock
ADISA 35L Large Laptop Backpack Office Bag College Travel Back Pack with rain Cover (Grey),,3.9 out of 5 stars,36 ratings,In stock
Gear Classic 20L Faux Leather Water Resistant Anti Theft Laptop Bag/Backpack for Men/Women-Brown,,4.4 out of 5 stars,"5,464 ratings",In stock
ADISA Light Weight Laptop Backpack 32 Ltrs,,4.0 out of 5 stars,"5,657 ratings",In stock
"American Tourister VALEX BLUE LAPTOP BACKPACK 28 Ltrs,Volume, LAPTOP COMPARTMENT, BOTTLE POCKET, FRONT ORGANIZER",,4.2 out of 5 stars,11 ratings,In stock
Half Moon Large 37L Laptop Bag Backpack for menं Women Boys and Girls Luggage Travel Bags with 17.3 inches Laptop Compartment & Rain Cover,,3.9 out of 5 stars,"2,349 ratings",In stock
ADISA Laptop Backpack 31 Ltrs,,4.0 out of 5 stars,"9,090 ratings",In stock
Gear Aspire 30L Water Restant Office Laptop Bag/Backpack for Men/Women/(Black),,4.3 out of 5 stars,"5,175 ratings",Available to ship in 1-2 days
F Gear Luxur Brown 25 liter Laptop Backpack (2404),,4.4 out of 5 stars,"16,474 ratings",In stock
"Safari Flash Casual Backpack, 26 ltr Water Resistant Travel Bags| Weight Polyester Bagpack for Men and Women, Spacious Shoulder Bag for College, Office, Travelling and Camping",,3.9 out of 5 stars,"2,443 ratings",In stock
Fur Jaden Anti Theft Backpack 15.6 Inch Laptop Bag with USB Charging Port,,4.0 out of 5 stars,"10,761 ratings",In stock
"Mi Step Out 12 L Mini Backpack (Small Size, Dark Blue, Water Repellant)",,4.1 out of 5 stars,"8,199 ratings",In stock
"Artistix Avian Unisex Water Repellent Anti Theft Travel Backpack with USB Port (Black, 32 L)",,4.6 out of 5 stars,669 ratings,In stock
HEROZ Hacker 50 litres Nylon Travel Laptop Backpack Water Resistant Slim Durable Computer Book Bag Tracking Fits Up to 17.3-inch Laptop (058- ALL) (Navy Blue),,4.1 out of 5 stars,"3,718 ratings",In stock
